{
	"class_name" : "PinholeCameraParameters",
	"extrinsic" : 
	[
		-0.73564832617962117,
		0.41131880384157998,
		-0.53818062190630178,
		0.0,
		0.35226849683329919,
		-0.44631027522584299,
		-0.82262630906544698,
		0.0,
		-0.57855721093763046,
		-0.79474774603905862,
		0.18343275017811336,
		0.0,
		106.96052843048173,
		150.37279095803015,
		292.61361032735363,
		1.0
	],
	"intrinsic" : 
	{
		"height" : 1080,
		"intrinsic_matrix" : 
		[
			935.30743608719376,
			0.0,
			0.0,
			0.0,
			935.30743608719376,
			0.0,
			959.5,
			539.5,
			1.0
		],
		"width" : 1920
	},
	"version_major" : 1,
	"version_minor" : 0
}