{
	"class_name" : "PinholeCameraParameters",
	"extrinsic" : 
	[
		0.72087501565691758,
		0.58935237887623226,
		-0.3646957434829271,
		0.0,
		-0.44312928825555198,
		0.79653555713009272,
		0.41129981779424696,
		0.0,
		0.53289365326654692,
		-0.13488839735269628,
		0.8353618824005884,
		0.0,
		-101.62421485624571,
		27.479486120120892,
		-141.49425843747437,
		1.0
	],
	"intrinsic" : 
	{
		"height" : 1080,
		"intrinsic_matrix" : 
		[
			935.30743608719376,
			0.0,
			0.0,
			0.0,
			935.30743608719376,
			0.0,
			959.5,
			539.5,
			1.0
		],
		"width" : 1920
	},
	"version_major" : 1,
	"version_minor" : 0
}