{
	"class_name" : "PinholeCameraParameters",
	"extrinsic" : 
	[
		0.67317254278756855,
		0.73932921899954018,
		-0.015199788500146992,
		0.0,
		0.098906446792343769,
		-0.069648184145743322,
		0.99265635807570085,
		0.0,
		0.73284121228260124,
		-0.6697323617526113,
		-0.12000967128292994,
		0.0,
		-127.86623059014215,
		109.66627813079378,
		40.333269042458149,
		1.0
	],
	"intrinsic" : 
	{
		"height" : 1080,
		"intrinsic_matrix" : 
		[
			935.30743608719376,
			0.0,
			0.0,
			0.0,
			935.30743608719376,
			0.0,
			959.5,
			539.5,
			1.0
		],
		"width" : 1920
	},
	"version_major" : 1,
	"version_minor" : 0
}