{
	"class_name" : "PinholeCameraParameters",
	"extrinsic" : 
	[
		0.99904463145462985,
		-0.043422367612823844,
		0.0049317697208728578,
		0.0,
		-0.0046429685370931303,
		0.006749319682759612,
		0.99996644420049596,
		0.0,
		-0.043454196631010154,
		-0.9990340057649274,
		0.006541262908399622,
		0.0,
		1.6955291363284166,
		168.09512567006544,
		12.039477393589655,
		1.0
	],
	"intrinsic" : 
	{
		"height" : 1080,
		"intrinsic_matrix" : 
		[
			935.30743608719376,
			0.0,
			0.0,
			0.0,
			935.30743608719376,
			0.0,
			959.5,
			539.5,
			1.0
		],
		"width" : 1920
	},
	"version_major" : 1,
	"version_minor" : 0
}