{
	"class_name" : "PinholeCameraParameters",
	"extrinsic" : 
	[
		0.85450542546952868,
		0.48681923484850825,
		0.18118363729833037,
		0.0,
		-0.058562874421456509,
		-0.25629218828299216,
		0.96482366469972758,
		0.0,
		0.51613066909711613,
		-0.83505769070563529,
		-0.19049353167689201,
		0.0,
		-92.461850676514089,
		135.75369811615985,
		43.32543569840545,
		1.0
	],
	"intrinsic" : 
	{
		"height" : 1080,
		"intrinsic_matrix" : 
		[
			935.30743608719376,
			0.0,
			0.0,
			0.0,
			935.30743608719376,
			0.0,
			959.5,
			539.5,
			1.0
		],
		"width" : 1920
	},
	"version_major" : 1,
	"version_minor" : 0
}