{
	"class_name" : "PinholeCameraParameters",
	"extrinsic" : 
	[
		0.029597869260708398,
		0.85303586800374454,
		-0.5210122590057974,
		0.0,
		0.92697907892718723,
		0.17157505305281606,
		0.33357426219843012,
		0.0,
		0.37394351627823375,
		-0.49284055136425359,
		-0.78566814722530842,
		0.0,
		-58.169908064406592,
		80.232394969425883,
		150.61699710220233,
		1.0
	],
	"intrinsic" : 
	{
		"height" : 1080,
		"intrinsic_matrix" : 
		[
			935.30743608719376,
			0.0,
			0.0,
			0.0,
			935.30743608719376,
			0.0,
			959.5,
			539.5,
			1.0
		],
		"width" : 1920
	},
	"version_major" : 1,
	"version_minor" : 0
}