{
	"class_name" : "PinholeCameraParameters",
	"extrinsic" : 
	[
		0.89107501715525739,
		0.0771699478289503,
		0.4472472615386649,
		0.0,
		-0.030965780688611857,
		-0.97280492736410129,
		0.22954671359544776,
		0.0,
		0.45279844768738176,
		-0.2183927023693851,
		-0.86445253965946256,
		0.0,
		-76.968599326588887,
		31.695498270740305,
		156.17587219742725,
		1.0
	],
	"intrinsic" : 
	{
		"height" : 1080,
		"intrinsic_matrix" : 
		[
			935.30743608719376,
			0.0,
			0.0,
			0.0,
			935.30743608719376,
			0.0,
			959.5,
			539.5,
			1.0
		],
		"width" : 1920
	},
	"version_major" : 1,
	"version_minor" : 0
}