{
	"class_name" : "PinholeCameraParameters",
	"extrinsic" :
	[
		0.80754967790902843,
		-0.31304528926664998,
		-0.49986614666026741,
		0.0,
		0.10865521660347839,
		-0.75405080773617494,
		0.64776648821722271,
		0.0,
		-0.57970471933034651,
		-0.57741668335819807,
		-0.57491948320242436,
		0.0,
		-0.18037520326754619,
		0.83819617946256275,
		1.9418561651485975,
		1.0
	],
	"intrinsic" :
	{
		"height" : 1080,
		"intrinsic_matrix" :
		[
			935.30743608719376,
			0.0,
			0.0,
			0.0,
			935.30743608719376,
			0.0,
			959.5,
			539.5,
			1.0
		],
		"width" : 1920
	},
	"version_major" : 1,
	"version_minor" : 0
}
