{
	"class_name" : "PinholeCameraParameters",
	"extrinsic" : 
	[
		-0.83146233323822016,
		0.54836797966233153,
		-0.089235347744645463,
		0.0,
		-0.5350643305089029,
		-0.83360661922631596,
		-0.1371355774375542,
		0.0,
		-0.14958793608815737,
		-0.066276415587481555,
		0.98652465053528238,
		0.0,
		28.2959099144859,
		6.9836740097365286,
		-160.24853290150878,
		1.0
	],
	"intrinsic" : 
	{
		"height" : 1080,
		"intrinsic_matrix" : 
		[
			935.30743608719376,
			0.0,
			0.0,
			0.0,
			935.30743608719376,
			0.0,
			959.5,
			539.5,
			1.0
		],
		"width" : 1920
	},
	"version_major" : 1,
	"version_minor" : 0
}