{
	"class_name" : "PinholeCameraParameters",
	"extrinsic" : 
	[
		0.85267414686240794,
		0.44425679719008604,
		0.2749230754645226,
		0.0,
		-0.22536265224855839,
		-0.16198248642116733,
		0.9607150196933073,
		0.0,
		0.47133690099965675,
		-0.88113425324590755,
		-0.037999388321612718,
		0.0,
		-81.10412030511192,
		145.93005918991577,
		21.608879547058777,
		1.0
	],
	"intrinsic" : 
	{
		"height" : 1080,
		"intrinsic_matrix" : 
		[
			935.30743608719376,
			0.0,
			0.0,
			0.0,
			935.30743608719376,
			0.0,
			959.5,
			539.5,
			1.0
		],
		"width" : 1920
	},
	"version_major" : 1,
	"version_minor" : 0
}