{
	"class_name" : "PinholeCameraParameters",
	"extrinsic" : 
	[
		0.9924053227449503,
		-0.119968018115041,
		0.027190991468508077,
		0.0,
		-0.027687686711908188,
		-0.0024750256962725449,
		0.99961355845764022,
		0.0,
		-0.11985435908649511,
		-0.9927746717545487,
		-0.0057778655759291812,
		0.0,
		-0.42488254948111798,
		0.52152709242010165,
		1.2040230108504351,
		1.0
	],
	"intrinsic" : 
	{
		"height" : 1080,
		"intrinsic_matrix" : 
		[
			935.30743608719376,
			0.0,
			0.0,
			0.0,
			935.30743608719376,
			0.0,
			959.5,
			539.5,
			1.0
		],
		"width" : 1920
	},
	"version_major" : 1,
	"version_minor" : 0
}