{
	"class_name" : "PinholeCameraParameters",
	"extrinsic" : 
	[
		-0.31752124707770235,
		0.43106625403646903,
		-0.84460768542867715,
		0.0,
		0.6716524154766168,
		-0.52651138827032684,
		-0.52121856337440575,
		0.0,
		-0.66937529864691525,
		-0.73278076029097527,
		-0.12234813814984477,
		0.0,
		116.88103364820981,
		123.63419227382963,
		74.366933404191286,
		1.0
	],
	"intrinsic" : 
	{
		"height" : 1080,
		"intrinsic_matrix" : 
		[
			935.30743608719376,
			0.0,
			0.0,
			0.0,
			935.30743608719376,
			0.0,
			959.5,
			539.5,
			1.0
		],
		"width" : 1920
	},
	"version_major" : 1,
	"version_minor" : 0
}