{
	"class_name" : "PinholeCameraParameters",
	"extrinsic" : 
	[
		0.47382979317760743,
		0.77928242040081352,
		-0.41012709780202966,
		0.0,
		0.77901425791977696,
		-0.15375637180215354,
		0.60786163235389123,
		0.0,
		0.41063622959374269,
		-0.60751780828588697,
		-0.67992646628922115,
		0.0,
		-63.813700427941626,
		100.91011948875028,
		129.15700361994834,
		1.0
	],
	"intrinsic" : 
	{
		"height" : 1080,
		"intrinsic_matrix" : 
		[
			935.30743608719376,
			0.0,
			0.0,
			0.0,
			935.30743608719376,
			0.0,
			959.5,
			539.5,
			1.0
		],
		"width" : 1920
	},
	"version_major" : 1,
	"version_minor" : 0
}