{
	"class_name" : "PinholeCameraParameters",
	"extrinsic" : 
	[
		-0.73485512513426521,
		-0.62467732900578343,
		-0.26413288263694806,
		0.0,
		0.59548201807147705,
		-0.40785233306009461,
		-0.69213989956580224,
		0.0,
		0.32463689133772911,
		-0.66590893449753175,
		0.67169649376704177,
		0.0,
		-51.384099568961311,
		116.93001760477,
		-105.68863437842839,
		1.0
	],
	"intrinsic" : 
	{
		"height" : 1080,
		"intrinsic_matrix" : 
		[
			935.30743608719376,
			0.0,
			0.0,
			0.0,
			935.30743608719376,
			0.0,
			959.5,
			539.5,
			1.0
		],
		"width" : 1920
	},
	"version_major" : 1,
	"version_minor" : 0
}