{
	"class_name" : "PinholeCameraParameters",
	"extrinsic" : 
	[
		-0.880137500354644,
		0.14777763936295893,
		0.45113163242427429,
		0.0,
		-0.27188885268015317,
		0.62208953501082143,
		-0.73422139863823777,
		0.0,
		-0.38914577250401838,
		-0.76887344845190952,
		-0.50734523552303079,
		0.0,
		61.979272936167902,
		133.59672688283516,
		95.208576348887505,
		1.0
	],
	"intrinsic" : 
	{
		"height" : 1080,
		"intrinsic_matrix" : 
		[
			935.30743608719376,
			0.0,
			0.0,
			0.0,
			935.30743608719376,
			0.0,
			959.5,
			539.5,
			1.0
		],
		"width" : 1920
	},
	"version_major" : 1,
	"version_minor" : 0
}