{
	"class_name" : "PinholeCameraParameters",
	"extrinsic" :
	[
		-0.87466587776486049,
		0.37916421111673693,
		-0.30198361426085485,
		0.0,
		0.35534446062453073,
		0.0778377394256866,
		-0.9314889159966212,
		0.0,
		-0.32968153812017981,
		-0.92204977486539286,
		-0.2028159167654032,
		0.0,
		60.803588687637088,
		154.3437342969101,
		53.578421726527218,
		1.0
	],
	"intrinsic" :
	{
		"height" : 1080,
		"intrinsic_matrix" :
		[
			935.30743608719376,
			0.0,
			0.0,
			0.0,
			935.30743608719376,
			0.0,
			959.5,
			539.5,
			1.0
		],
		"width" : 1920
	},
	"version_major" : 1,
	"version_minor" : 0
}
