{
	"class_name" : "PinholeCameraParameters",
	"extrinsic" : 
	[
		0.99240532274495019,
		-0.119968018115041,
		0.027190991468508077,
		0.0,
		-0.027687686711908181,
		-0.0024750256962725449,
		0.99961355845764022,
		0.0,
		-0.11985435908649508,
		-0.99277467175454881,
		-0.0057778655759291812,
		0.0,
		-0.42488254948111803,
		0.52152709242010187,
		1.2040230108504351,
		1.0
	],
	"intrinsic" : 
	{
		"height" : 1080,
		"intrinsic_matrix" : 
		[
			935.30743608719376,
			0.0,
			0.0,
			0.0,
			935.30743608719376,
			0.0,
			959.5,
			539.5,
			1.0
		],
		"width" : 1920
	},
	"version_major" : 1,
	"version_minor" : 0
}