{
	"class_name" : "PinholeCameraParameters",
	"extrinsic" : 
	[
		0.64977947071836606,
		0.69061189319498439,
		0.31755606183884999,
		0.0,
		-0.2153189683118073,
		-0.23342759617748218,
		0.94823483337617442,
		0.0,
		0.72898860163798107,
		-0.68451937176419031,
		-0.0029746195486567506,
		0.0,
		-130.54753178022864,
		111.04808865570294,
		24.844500197007584,
		1.0
	],
	"intrinsic" : 
	{
		"height" : 1080,
		"intrinsic_matrix" : 
		[
			935.30743608719376,
			0.0,
			0.0,
			0.0,
			935.30743608719376,
			0.0,
			959.5,
			539.5,
			1.0
		],
		"width" : 1920
	},
	"version_major" : 1,
	"version_minor" : 0
}