{
	"class_name" : "PinholeCameraParameters",
	"extrinsic" : 
	[
		0.86071246174128246,
		0.50243218068899897,
		-0.082072906682768801,
		0.0,
		-0.27535752192545171,
		0.59505028510641822,
		0.75504529222679395,
		0.0,
		0.42819655921356459,
		-0.62727749999730376,
		0.65051567596392079,
		0.0,
		-81.096353643267534,
		109.51762674404567,
		-80.183786726687885,
		1.0
	],
	"intrinsic" : 
	{
		"height" : 1080,
		"intrinsic_matrix" : 
		[
			935.30743608719376,
			0.0,
			0.0,
			0.0,
			935.30743608719376,
			0.0,
			959.5,
			539.5,
			1.0
		],
		"width" : 1920
	},
	"version_major" : 1,
	"version_minor" : 0
}