{
	"class_name" : "PinholeCameraParameters",
	"extrinsic" : 
	[
		-0.85404093119307678,
		0.4850217455732152,
		0.18806380344971702,
		0.0,
		0.15225107208013561,
		0.57873834722004347,
		-0.80117509728364744,
		0.0,
		-0.4974270789747095,
		-0.65560341043814274,
		-0.56811131772264889,
		0.0,
		85.256784474234337,
		115.46803387792012,
		128.45945831487035,
		1.0
	],
	"intrinsic" : 
	{
		"height" : 1080,
		"intrinsic_matrix" : 
		[
			935.30743608719376,
			0.0,
			0.0,
			0.0,
			935.30743608719376,
			0.0,
			959.5,
			539.5,
			1.0
		],
		"width" : 1920
	},
	"version_major" : 1,
	"version_minor" : 0
}