{
	"class_name" : "PinholeCameraParameters",
	"extrinsic" : 
	[
		0.63099940162991053,
		-0.22573391481003596,
		-0.74221557168199481,
		0.0,
		0.35564630028120708,
		-0.76610195547051663,
		0.53535362417801957,
		0.0,
		-0.6894602702396887,
		-0.60177403859653689,
		-0.40312844383921775,
		0.0,
		141.0759245173179,
		124.40820891905402,
		127.12127113355422,
		1.0
	],
	"intrinsic" : 
	{
		"height" : 1080,
		"intrinsic_matrix" : 
		[
			935.30743608719376,
			0.0,
			0.0,
			0.0,
			935.30743608719376,
			0.0,
			959.5,
			539.5,
			1.0
		],
		"width" : 1920
	},
	"version_major" : 1,
	"version_minor" : 0
}