{
	"class_name" : "PinholeCameraParameters",
	"extrinsic" : 
	[
		-0.74848928914200419,
		0.65786040977106686,
		0.083567130473299805,
		0.0,
		0.022352833867397347,
		0.15097277594191671,
		-0.98828516721768556,
		0.0,
		-0.66277004674154827,
		-0.73785290009610727,
		-0.12770655019211091,
		0.0,
		132.20127815050699,
		140.07918150177122,
		434.02099645948385,
		1.0
	],
	"intrinsic" : 
	{
		"height" : 1080,
		"intrinsic_matrix" : 
		[
			935.30743608719376,
			0.0,
			0.0,
			0.0,
			935.30743608719376,
			0.0,
			959.5,
			539.5,
			1.0
		],
		"width" : 1920
	},
	"version_major" : 1,
	"version_minor" : 0
}